{
  "resources": [
    "./assets/sfx/sfx.ogg",
    "./assets/sfx/sfx.mp3"
  ],
  "spritemap": {

    "beep": {
      "start": 0,
      "end": 0.12,
      "loop": false
    },

    "clicka": {
      "start": 0.3,
      "end": 0.57,
      "loop": false
    },

    "clashdraw": {
      "start": 0.89,
      "end": 1.3,
      "loop": false
    },

    "clashlost": {
      "start": 1.53,
      "end": 2.06,
      "loop": false
    },

    "clashwon": {
      "start": 2.33,
      "end": 2.7,
      "loop": false
    },

    "tick": {
      "start": 3.03,
      "end": 3.16,
      "loop": false
    },

    "bell": {
      "start": 3.5,
      "end": 5.0,
      "loop": false
    },

    "error": {
      "start": 5.2,
      "end": 5.7,
      "loop": false
    },

    "harp": {
      "start": 5.9,
      "end": 7.3,
      "loop": false
    },

    "message": {
      "start": 7.6,
      "end": 7.9,
      "loop": false
    },

    "move": {
      "start": 8.3,
      "end": 8.6,
      "loop": false
    },

    "pick": {
      "start": 8.8,
      "end": 9.0,
      "loop": false
    },

    "clickb": {
      "start": 9.2,
      "end": 9.5,
      "loop": false
    },

    "xyloriff": {
      "start": 9.7,
      "end": 10.4,
      "loop": false
    },

    "alarm": {
      "start": 10.8,
      "end": 11.5,
      "loop": false
    },

    "warp": {
      "start": 11.7,
      "end": 12.1,
      "loop": false
    },

    "clickc": {
      "start": 12.9,
      "end": 13.1,
      "loop": false
    },

    "bleep": {
      "start": 13.2,
      "end": 13.4,
      "loop": false
    },

    "ending": {
      "start": 13.5,
      "end": 14.1,
      "loop": false
    },

    "home": {
      "start": 14.2,
      "end": 14.8,
      "loop": false
    },

    "alternate": {
      "start": 14.9,
      "end": 16.1,
      "loop": false
    },

    "explosiona": {
      "start": 16.2,
      "end": 17.2,
      "loop": false
    },

    "explosionb": {
      "start": 17.4,
      "end": 18.5,
      "loop": false
    },
    
    "flick": {
      "start": 18.8,
      "end": 18.9,
      "loop": false
    }
    
    
    
  }
}
